feature,modality,std_coef,effect_pp_per_sd,corr_with_soh
v_at_600s,Electrical,0.27872460795086773,27.872460795086774,0.9097192601307542
r_internal_mohm,Electrical,-0.26742495283599693,-26.742495283599695,-0.5987286199677369
ohmic_heat_wh,Coupled,0.2423141751667627,24.23141751667627,-0.5909437486390019
v_at_60s,Electrical,-0.20188670948454288,-20.188670948454288,0.7936069365424959
t_rise_k,Thermal,0.16132307365514792,16.13230736551479,-0.649925173369783
heat_per_wh,Coupled,-0.13212944900047802,-13.212944900047802,-0.7412712905092619
temp_at_600s,Thermal,0.08243345758436559,8.243345758436558,-0.43324554721419906
arrhenius_x1e4,Coupled,-0.06942990381882956,-6.942990381882956,-0.46747899460112047
dtdt_mk_per_s,Thermal,-0.0679874948245818,-6.79874948245818,-0.675561610260776
v_at_300s,Electrical,-0.03399363779521671,-3.3993637795216713,0.8599570715482157
i_rms,Electrical,-0.028277293424149166,-2.8277293424149166,-0.19153834375119588
wh_window,Electrical,-0.02457480961198274,-2.4574809611982738,0.4491590619891346
dvdt_mv_per_s,Electrical,-0.014070906433292747,-1.4070906433292747,0.9668652189799014
thermal_dose_kh,Thermal,-0.008435060969498994,-0.8435060969498994,-0.4966765066100556
band_39_38_s,Electrical,0.0017441100849595174,0.17441100849595173,0.9286976319741325
