feature,contribution
temp_at_600s,-0.21531163975351697
v_at_600s,-0.2013020676113868
t_rise_k,-0.17362283885147606
arrhenius_x1e4,0.14675630259672592
r_internal_mohm,-0.13490354450826386
ohmic_heat_wh,0.12354330250188116
v_at_60s,0.11639497895926142
heat_per_wh,0.10295794881115435
wh_window,0.0386559296257101
dtdt_mk_per_s,0.032825018872423395
v_at_300s,0.02213783235490872
thermal_dose_kh,0.01815157090963483
dvdt_mv_per_s,0.015084376833572296
i_rms,-0.01006172294749253
band_39_38_s,-0.0013980174207702725
