Model,MAE (SOH),RMSE (SOH),R2,MAE (% pts),Contamination %
OLS (baseline),0.010812345778822112,0.015837784671604675,0.9578560773790772,1.0812345778822112,0
Huber,0.011412107170106638,0.016792806762597663,0.9526202604762124,1.1412107170106638,0
RANSAC,0.010812345778822096,0.015837784671604616,0.9578560773790775,1.0812345778822097,0
Theil-Sen,0.013917014982166407,0.018011602461945494,0.9454931864898517,1.3917014982166407,0
Quantile (median),0.013013342165174156,0.017427285368135894,0.9489723493878015,1.3013342165174155,0
OLS (baseline),0.020093684596015935,0.02612936914471049,0.8852892982302745,2.0093684596015935,5
Huber,0.011061656343699768,0.01644260042244798,0.9545758202537071,1.1061656343699768,5
RANSAC,0.010809614802571574,0.015799227000827303,0.9580610294605492,1.0809614802571574,5
Theil-Sen,0.012626675369224427,0.017619780603778265,0.9478388592682307,1.2626675369224427,5
Quantile (median),0.012929907546551858,0.01720168633759955,0.9502849207130615,1.2929907546551858,5
OLS (baseline),0.06344938933671741,0.07285115629816348,0.10829954881240478,6.344938933671742,10
Huber,0.01167809247987899,0.017495774500539393,0.9485704845196059,1.167809247987899,10
RANSAC,0.010826571709849192,0.01639895111432257,0.9548166705130655,1.082657170984919,10
Theil-Sen,0.013976006406074699,0.016669681906037324,0.953312489911246,1.39760064060747,10
Quantile (median),0.01212931573562752,0.01786642886079515,0.946368295876957,1.2129315735627522,10
OLS (baseline),0.05598327729969494,0.061265001595285966,0.36937528678371634,5.598327729969494,15
Huber,0.010983779135544202,0.01676640942658188,0.9527690999059142,1.0983779135544203,15
RANSAC,0.011804732738874387,0.017068401979748765,0.9510523537576204,1.1804732738874386,15
Theil-Sen,0.03125031033350971,0.034573805558710334,0.7991645109290827,3.1250310333509708,15
Quantile (median),0.012167577755425193,0.016421263070039094,0.9546936365146915,1.2167577755425194,15
OLS (baseline),0.30953074511520545,0.3257058989564394,-16.823678355027518,30.953074511520544,20
Huber,0.012888411900837358,0.018723609947015146,0.9410986487110201,1.2888411900837358,20
RANSAC,0.011679411194853714,0.01576107848610906,0.9582633150381,1.1679411194853713,20
Theil-Sen,0.229405903884199,0.23596563664240575,-8.354996114964868,22.9405903884199,20
Quantile (median),0.012489058136656211,0.018430162613100234,0.9429304534325864,1.2489058136656213,20
OLS (baseline),0.07984822875646409,0.08836070128522057,-0.31179024157029556,7.984822875646409,30
Huber,0.011482667261642538,0.016899966224685814,0.952013645164154,1.1482667261642538,30
RANSAC,0.010848715380251877,0.015983078408482163,0.9570792850353856,1.0848715380251877,30
Theil-Sen,0.1599789615317165,0.17852311122665968,-4.354697994973278,15.99789615317165,30
Quantile (median),0.01171455004186224,0.0169948329546541,0.9514733972687404,1.171455004186224,30
