,mean,median,std,min,max,IQR,skew,excess_kurtosis,mean/median
Discharge Time (s),4581.273960435476,1557.25,33144.01207679762,8.69,958320.37,738.69,16.300405948793106,339.9925130756854,2.941900119078809
Decrement 3.6-3.4V (s),1239.784671749706,439.2394714280963,15039.589269330254,-397645.90800017817,406703.7680001794,280.40000000037253,9.98625833883662,253.34409313206402,2.8225711767633324
Max. Voltage Dischar. (V),3.9081763807753584,3.906,0.09100338037537431,3.043,4.363,0.1259999999999999,-0.5302086682226516,11.564454411135703,1.0005571891385967
Min. Voltage Charg. (V),3.5779039431757833,3.574,0.12369479017201608,3.022,4.379,0.17499999999999982,0.3285213005809172,1.1453288233240366,1.0010923176205326
Time at 4.15V (s),3768.336170946925,2930.203499999828,9129.552477123627,-113.58400001004338,245101.117,2259.4423214299604,16.23793124889728,340.62785693305455,1.2860322400635813
Time constant current (s),5461.266969596389,3824.26,25155.845202077886,5.98,880728.1,2448.0400000000004,24.723287556973425,696.5442115267156,1.4280584922563813
Charging time (s),10066.496204195433,8320.415,26415.35412093404,5.98,880728.1,921.3599999999997,22.769741818418314,587.7897368425542,1.2098550618202857
Total time (s),14657.191773101435,9946.19500000123,34710.735892313336,31.68999999994412,958471.4299999996,1751.5199999994365,14.476057496355065,280.9862737741411,1.4736481411333302
RUL,554.1941715347849,551.0,322.4345140798316,0.0,1133.0,562.0,0.00619199024288733,-1.208426132442976,1.0057970445277402
