variable,D'Agostino K2,p (K2),Shapiro W,p (Shapiro),p after log1p,normal?
Discharge time,29973.491023375813,0.0,0.0690646747013236,3.6887763119912274e-94,0.0,no
3.6->3.4 V decrement,24052.989173757574,0.0,0.07022192114005321,3.945296331287691e-94,,no
Max discharge voltage,3466.490495191081,0.0,0.9300035477441572,2.151223396974198e-43,0.0,no
Min charge voltage,609.5132723673905,4.424605776845809e-133,0.9770862824078834,1.2123575115392914e-27,1.2720926078188279e-56,no
Time at 4.15 V,29927.724458168148,0.0,0.1407947648991953,2.751342098083632e-92,,no
Constant-current time,35993.411628639195,0.0,0.05809006035999453,1.9568470887830164e-94,0.0,no
Charging time,34745.02778878058,0.0,0.04833756652134291,1.1200355864979458e-94,0.0,no
Total cycle time,28356.61813492927,0.0,0.14801794882651842,4.321168524700631e-92,0.0,no
RUL,14285.929750371113,0.0,0.9531971023833903,2.7347529848376672e-37,0.0,no
